{
  "formatVersion": 1,
  "database": {
    "version": 3,
    "identityHash": "53364b8bab2a71f73cc8725db6dac32b",
    "entities": [
      {
        "tableName": "users",
        "createSql": "CREATE TABLE IF NOT EXISTS `${TABLE_NAME}` (`userId` TEXT NOT NULL, `name` TEXT, `email` TEXT, `phone` TEXT, `password` TEXT, `userType` TEXT, `isSynced` INTEGER NOT NULL, PRIMARY KEY(`userId`))",
        "fields": [
          {
            "fieldPath": "userId",
            "columnName": "userId",
            "affinity": "TEXT",
            "notNull": true
          },
          {
            "fieldPath": "name",
            "columnName": "name",
            "affinity": "TEXT",
            "notNull": false
          },
          {
            "fieldPath": "email",
            "columnName": "email",
            "affinity": "TEXT",
            "notNull": false
          },
          {
            "fieldPath": "phone",
            "columnName": "phone",
            "affinity": "TEXT",
            "notNull": false
          },
          {
            "fieldPath": "password",
            "columnName": "password",
            "affinity": "TEXT",
            "notNull": false
          },
          {
            "fieldPath": "userType",
            "columnName": "userType",
            "affinity": "TEXT",
            "notNull": false
          },
          {
            "fieldPath": "isSynced",
            "columnName": "isSynced",
            "affinity": "INTEGER",
            "notNull": true
          }
        ],
        "primaryKey": {
          "autoGenerate": false,
          "columnNames": [
            "userId"
          ]
        },
        "indices": [
          {
            "name": "index_users_email",
            "unique": true,
            "columnNames": [
              "email"
            ],
            "orders": [],
            "createSql": "CREATE UNIQUE INDEX IF NOT EXISTS `index_users_email` ON `${TABLE_NAME}` (`email`)"
          }
        ],
        "foreignKeys": []
      },
      {
        "tableName": "lost_items",
        "createSql": "CREATE TABLE IF NOT EXISTS `${TABLE_NAME}` (`id` INTEGER PRIMARY KEY AUTOINCREMENT NOT NULL, `itemName` TEXT, `category` TEXT, `dateLost` TEXT, `timeLost` TEXT, `location` TEXT, `description` TEXT, `isMatched` INTEGER NOT NULL, `imageURL` TEXT, `userId` TEXT, `ownerName` TEXT, `phnum` TEXT, `email` TEXT, `isVerified` INTEGER NOT NULL, `isSynced` INTEGER NOT NULL, `tag` TEXT)",
        "fields": [
          {
            "fieldPath": "id",
            "columnName": "id",
            "affinity": "INTEGER",
            "notNull": true
          },
          {
            "fieldPath": "itemName",
            "columnName": "itemName",
            "affinity": "TEXT",
            "notNull": false
          },
          {
            "fieldPath": "category",
            "columnName": "category",
            "affinity": "TEXT",
            "notNull": false
          },
          {
            "fieldPath": "dateLost",
            "columnName": "dateLost",
            "affinity": "TEXT",
            "notNull": false
          },
          {
            "fieldPath": "timeLost",
            "columnName": "timeLost",
            "affinity": "TEXT",
            "notNull": false
          },
          {
            "fieldPath": "location",
            "columnName": "location",
            "affinity": "TEXT",
            "notNull": false
          },
          {
            "fieldPath": "description",
            "columnName": "description",
            "affinity": "TEXT",
            "notNull": false
          },
          {
            "fieldPath": "isMatched",
            "columnName": "isMatched",
            "affinity": "INTEGER",
            "notNull": true
          },
          {
            "fieldPath": "imageURL",
            "columnName": "imageURL",
            "affinity": "TEXT",
            "notNull": false
          },
          {
            "fieldPath": "userId",
            "columnName": "userId",
            "affinity": "TEXT",
            "notNull": false
          },
          {
            "fieldPath": "ownerName",
            "columnName": "ownerName",
            "affinity": "TEXT",
            "notNull": false
          },
          {
            "fieldPath": "phnum",
            "columnName": "phnum",
            "affinity": "TEXT",
            "notNull": false
          },
          {
            "fieldPath": "email",
            "columnName": "email",
            "affinity": "TEXT",
            "notNull": false
          },
          {
            "fieldPath": "isVerified",
            "columnName": "isVerified",
            "affinity": "INTEGER",
            "notNull": true
          },
          {
            "fieldPath": "isSynced",
            "columnName": "isSynced",
            "affinity": "INTEGER",
            "notNull": true
          },
          {
            "fieldPath": "tag",
            "columnName": "tag",
            "affinity": "TEXT",
            "notNull": false
          }
        ],
        "primaryKey": {
          "autoGenerate": true,
          "columnNames": [
            "id"
          ]
        },
        "indices": [],
        "foreignKeys": []
      },
      {
        "tableName": "found_items",
        "createSql": "CREATE TABLE IF NOT EXISTS `${TABLE_NAME}` (`id` INTEGER PRIMARY KEY AUTOINCREMENT NOT NULL, `description` TEXT, `category` TEXT, `location` TEXT, `isMatched` INTEGER NOT NULL, `itemName` TEXT, `finderName` TEXT, `finderId` TEXT, `dateFound` TEXT, `email` TEXT, `phnum` TEXT, `imageURI` TEXT, `isVerified` INTEGER NOT NULL, `tag` TEXT, `isSynced` INTEGER NOT NULL)",
        "fields": [
          {
            "fieldPath": "id",
            "columnName": "id",
            "affinity": "INTEGER",
            "notNull": true
          },
          {
            "fieldPath": "description",
            "columnName": "description",
            "affinity": "TEXT",
            "notNull": false
          },
          {
            "fieldPath": "category",
            "columnName": "category",
            "affinity": "TEXT",
            "notNull": false
          },
          {
            "fieldPath": "location",
            "columnName": "location",
            "affinity": "TEXT",
            "notNull": false
          },
          {
            "fieldPath": "isMatched",
            "columnName": "isMatched",
            "affinity": "INTEGER",
            "notNull": true
          },
          {
            "fieldPath": "itemName",
            "columnName": "itemName",
            "affinity": "TEXT",
            "notNull": false
          },
          {
            "fieldPath": "finderName",
            "columnName": "finderName",
            "affinity": "TEXT",
            "notNull": false
          },
          {
            "fieldPath": "finderId",
            "columnName": "finderId",
            "affinity": "TEXT",
            "notNull": false
          },
          {
            "fieldPath": "dateFound",
            "columnName": "dateFound",
            "affinity": "TEXT",
            "notNull": false
          },
          {
            "fieldPath": "email",
            "columnName": "email",
            "affinity": "TEXT",
            "notNull": false
          },
          {
            "fieldPath": "phnum",
            "columnName": "phnum",
            "affinity": "TEXT",
            "notNull": false
          },
          {
            "fieldPath": "imageURI",
            "columnName": "imageURI",
            "affinity": "TEXT",
            "notNull": false
          },
          {
            "fieldPath": "isVerified",
            "columnName": "isVerified",
            "affinity": "INTEGER",
            "notNull": true
          },
          {
            "fieldPath": "tag",
            "columnName": "tag",
            "affinity": "TEXT",
            "notNull": false
          },
          {
            "fieldPath": "isSynced",
            "columnName": "isSynced",
            "affinity": "INTEGER",
            "notNull": true
          }
        ],
        "primaryKey": {
          "autoGenerate": true,
          "columnNames": [
            "id"
          ]
        },
        "indices": [],
        "foreignKeys": []
      },
      {
        "tableName": "matched_items",
        "createSql": "CREATE TABLE IF NOT EXISTS `${TABLE_NAME}` (`id` INTEGER PRIMARY KEY AUTOINCREMENT NOT NULL, `lostItemId` INTEGER NOT NULL, `foundItemId` INTEGER NOT NULL, `adminId` TEXT, `matchedDate` TEXT, `isSynced` INTEGER NOT NULL)",
        "fields": [
          {
            "fieldPath": "id",
            "columnName": "id",
            "affinity": "INTEGER",
            "notNull": true
          },
          {
            "fieldPath": "lostItemId",
            "columnName": "lostItemId",
            "affinity": "INTEGER",
            "notNull": true
          },
          {
            "fieldPath": "foundItemId",
            "columnName": "foundItemId",
            "affinity": "INTEGER",
            "notNull": true
          },
          {
            "fieldPath": "adminId",
            "columnName": "adminId",
            "affinity": "TEXT",
            "notNull": false
          },
          {
            "fieldPath": "matchedDate",
            "columnName": "matchedDate",
            "affinity": "TEXT",
            "notNull": false
          },
          {
            "fieldPath": "isSynced",
            "columnName": "isSynced",
            "affinity": "INTEGER",
            "notNull": true
          }
        ],
        "primaryKey": {
          "autoGenerate": true,
          "columnNames": [
            "id"
          ]
        },
        "indices": [],
        "foreignKeys": []
      },
      {
        "tableName": "notifications",
        "createSql": "CREATE TABLE IF NOT EXISTS `${TABLE_NAME}` (`id` INTEGER PRIMARY KEY AUTOINCREMENT NOT NULL, `userId` TEXT, `title` TEXT, `message` TEXT, `type` TEXT, `isRead` INTEGER NOT NULL, `created_at` TEXT)",
        "fields": [
          {
            "fieldPath": "id",
            "columnName": "id",
            "affinity": "INTEGER",
            "notNull": true
          },
          {
            "fieldPath": "userId",
            "columnName": "userId",
            "affinity": "TEXT",
            "notNull": false
          },
          {
            "fieldPath": "title",
            "columnName": "title",
            "affinity": "TEXT",
            "notNull": false
          },
          {
            "fieldPath": "message",
            "columnName": "message",
            "affinity": "TEXT",
            "notNull": false
          },
          {
            "fieldPath": "type",
            "columnName": "type",
            "affinity": "TEXT",
            "notNull": false
          },
          {
            "fieldPath": "isRead",
            "columnName": "isRead",
            "affinity": "INTEGER",
            "notNull": true
          },
          {
            "fieldPath": "createdAt",
            "columnName": "created_at",
            "affinity": "TEXT",
            "notNull": false
          }
        ],
        "primaryKey": {
          "autoGenerate": true,
          "columnNames": [
            "id"
          ]
        },
        "indices": [],
        "foreignKeys": []
      }
    ],
    "views": [],
    "setupQueries": [
      "CREATE TABLE IF NOT EXISTS room_master_table (id INTEGER PRIMARY KEY,identity_hash TEXT)",
      "INSERT OR REPLACE INTO room_master_table (id,identity_hash) VALUES(42, '53364b8bab2a71f73cc8725db6dac32b')"
    ]
  }
}