{
  "project_info": {
    "project_number": "848592430154",
    "project_id": "findit-a7f5b",
    "storage_bucket": "findit-a7f5b.firebasestorage.app"
  },
  "client": [
    {
      "client_info": {
        "mobilesdk_app_id": "1:848592430154:android:9aa7b28875f7390e83b2b3",
        "android_client_info": {
          "package_name": "com.shruti.findit"
        }
      },
      "oauth_client": [],
      "api_key": [
        {
          "current_key": "AIzaSyDJSw8a08r8CwvzON66ZOcm0xLh6tbFT7M"
        }
      ],
      "services": {
        "appinvite_service": {
          "other_platform_oauth_client": []
        }
      }
    }
  ],
  "configuration_version": "1"
}